,league_id,season_id,fixture_id,localteam_id,visitorteam_id,team_id,time.starting_at.date,localTeam.data.name,visitorTeam.data.name,scores.localteam_score,scores.visitorteam_score,aggregate_id,attacks,attendance,coaches.localteam_coach_id,coaches.visitorteam_coach_id,commentaries,corners,deleted,formations.localteam_formation,formations.visitorteam_formation,fouls,free_kick,goal_kick,localTeam.data.country_id,localTeam.data.founded,localTeam.data.id,localTeam.data.legacy_id,localTeam.data.logo_path,localTeam.data.national_team,localTeam.data.twitter,localTeam.data.venue_id,offsides,passes,pitch,possessiontime,redcards,referee_id,round_id,saves,scores.et_score,scores.ft_score,scores.ht_score,scores.localteam_pen_score,scores.visitorteam_pen_score,shots.blocked,shots.insidebox,shots.offgoal,shots.ongoal,shots.outsidebox,shots.total,stage_id,standings.localteam_position,standings.visitorteam_position,stats_available,substitutions,throw_in,time.extra_minute,time.injury_time,time.minute,time.starting_at.date_time,time.starting_at.time,time.starting_at.timestamp,time.starting_at.timezone,time.status,venue_id,visitorTeam.data.country_id,visitorTeam.data.founded,visitorTeam.data.id,visitorTeam.data.legacy_id,visitorTeam.data.logo_path,visitorTeam.data.national_team,visitorTeam.data.twitter,visitorTeam.data.venue_id,weather_report,winning_odds_calculated,yellowcards
0,1114,5875,1110850,18711,15265,,2007-07-06,Venezuela,Uruguay,1,4,,,,,,False,,False,,,,,,275,1926,18711,1365,https://cdn.sportmonks.com/images/soccer/teams/23/18711.png,True,,5418,,,,,,,,,,1-4,1-1,0,0,,,,,,,13326,,,0,,,,,90,2007-07-06 22:05:00,22:05:00,1183759500,UTC,FT,1,1739,1936,15265,1355,https://cdn.sportmonks.com/images/soccer/teams/1/15265.png,False,,10990,,False,
1,1114,5875,1110851,18774,18704,,2007-07-07,Chile,Brazil,1,6,,,,,,False,,False,,,,,,80,1895,18774,1343,https://cdn.sportmonks.com/images/soccer/teams/22/18774.png,True,,14489,,,,,,,,,,1-6,0-3,0,0,,,,,,,13326,,,0,,,,,90,2007-07-07 00:50:00,00:50:00,1183769400,UTC,FT,1,5,1914,18704,1341,https://cdn.sportmonks.com/images/soccer/teams/16/18704.png,True,,392,,False,
2,1114,5875,1110854,18644,18775,,2007-07-07,Argentina,Peru,4,0,,,,,,False,,False,,,,,,44,1893,18644,1350,https://cdn.sportmonks.com/images/soccer/teams/20/18644.png,True,,6569,,,,,,,,,,4-0,0-0,0,0,,,,,,,13326,,,0,,,,,90,2007-07-07 22:50:00,22:50:00,1183848600,UTC,FT,1,338,1922,18775,1364,https://cdn.sportmonks.com/images/soccer/teams/23/18775.png,True,,11432,,False,
3,1114,5875,1110856,18576,18723,,2007-07-08,Mexico,Paraguay,6,0,,,,,,False,,False,,,,,,458,1927,18576,1356,https://cdn.sportmonks.com/images/soccer/teams/16/18576.png,True,,1599,,,,,,,,,,6-0,3-0,0,0,,,,,,,13326,,,0,,,,,90,2007-07-08 20:05:00,20:05:00,1183925100,UTC,FT,1,1190,1906,18723,1344,https://cdn.sportmonks.com/images/soccer/teams/3/18723.png,True,,11408,,False,
4,1114,5875,1110857,15265,18704,,2007-07-10,Uruguay,Brazil,2,2,,,,,,False,,False,,,,,,1739,1936,15265,1355,https://cdn.sportmonks.com/images/soccer/teams/1/15265.png,False,,10990,,,,,,,,,2 - 2,2-2,1-2,4,5,,,,,,,13327,,,0,,,,,90,2007-07-10 00:50:00,00:50:00,1184028600,UTC,FT,1,5,1914,18704,1341,https://cdn.sportmonks.com/images/soccer/teams/16/18704.png,True,,392,,False,
5,1114,5875,1110859,18576,18644,,2007-07-11,Mexico,Argentina,0,3,,,,,,False,,False,,,,,,458,1927,18576,1356,https://cdn.sportmonks.com/images/soccer/teams/16/18576.png,True,,1599,,,,,,,,,,0-3,0-1,0,0,,,,,,,13327,,,0,,,,,90,2007-07-11 00:50:00,00:50:00,1184115000,UTC,FT,1,44,1893,18644,1350,https://cdn.sportmonks.com/images/soccer/teams/20/18644.png,True,,6569,,False,
6,1114,5875,1110862,18644,18704,,2007-07-15,Argentina,Brazil,0,3,,,,,,False,,False,,,,,,44,1893,18644,1350,https://cdn.sportmonks.com/images/soccer/teams/20/18644.png,True,,6569,,,,,,,,,,0-3,0-2,0,0,,,,,,,13328,,,0,,,,,90,2007-07-15 21:05:00,21:05:00,1184533500,UTC,FT,1,5,1914,18704,1341,https://cdn.sportmonks.com/images/soccer/teams/16/18704.png,True,,392,,False,
7,1114,5875,1110863,18576,15265,,2007-07-14,Mexico,Uruguay,3,1,,,,,,False,,False,,,,,,458,1927,18576,1356,https://cdn.sportmonks.com/images/soccer/teams/16/18576.png,True,,1599,,,,,,,125074,,,3-1,1-1,0,0,,,,,,,13329,,,0,,,,,90,2007-07-14 21:05:00,21:05:00,1184447100,UTC,FT,1,1739,1936,15265,1355,https://cdn.sportmonks.com/images/soccer/teams/1/15265.png,False,,10990,,False,
8,1114,5875,1110864,15265,18775,,2007-06-25,Uruguay,Peru,0,3,,,,,,False,,False,,,,,,1739,1936,15265,1355,https://cdn.sportmonks.com/images/soccer/teams/1/15265.png,False,,10990,,,,,,,125076,,,0-3,0-1,0,0,,,,,,,13330,,,0,,,,,90,2007-06-25 22:05:00,22:05:00,1182809100,UTC,FT,1,338,1922,18775,1364,https://cdn.sportmonks.com/images/soccer/teams/23/18775.png,True,,11432,,False,
9,1114,5875,1110865,18711,18825,,2007-06-26,Venezuela,Bolivia,2,2,,,,,,False,,False,,,,,,275,1926,18711,1365,https://cdn.sportmonks.com/images/soccer/teams/23/18711.png,True,,5418,,,,,,,125076,,,2-2,1-1,0,0,,,,,,,13330,,,0,,,,,90,2007-06-26 00:45:00,00:45:00,1182818700,UTC,FT,1,7598,1925,18825,1336,https://cdn.sportmonks.com/images/soccer/teams/9/18825.png,True,,4082,,False,
10,1114,5875,1110868,18573,18774,,2007-06-26,Ecuador,Chile,2,3,,,,,,False,,False,,,,,,459,1925,18573,1357,https://cdn.sportmonks.com/images/soccer/teams/13/18573.png,True,,1463,,,,,,,125076,,,2-3,2-1,0,0,,,,,,,13330,,,0,,,,,90,2007-06-26 22:45:00,22:45:00,1182897900,UTC,FT,1,80,1895,18774,1343,https://cdn.sportmonks.com/images/soccer/teams/22/18774.png,True,,14489,,False,
11,1114,5875,1110869,18704,18576,,2007-06-27,Brazil,Mexico,0,2,,,,,,False,,False,,,,,,5,1914,18704,1341,https://cdn.sportmonks.com/images/soccer/teams/16/18704.png,True,,392,,,,,,,125076,,,0-2,0-2,0,0,,,,,,,13330,,,0,,,,,90,2007-06-27 00:50:00,00:50:00,1182905400,UTC,FT,1,458,1927,18576,1356,https://cdn.sportmonks.com/images/soccer/teams/16/18576.png,True,,1599,,False,
12,1114,5875,1110871,18723,18720,,2007-06-27,Paraguay,Colombia,5,0,,,,,,False,,False,,,,,,1190,1906,18723,1344,https://cdn.sportmonks.com/images/soccer/teams/3/18723.png,True,,11408,,,,,,,125076,,,5-0,1-0,0,0,,,,,,,13330,,,0,,,,,90,2007-06-27 22:35:00,22:35:00,1182983700,UTC,FT,1,353,1924,18720,1820,https://cdn.sportmonks.com/images/soccer/teams/0/18720.png,True,,5048,,False,
13,1114,5875,1110874,18644,18571,,2007-06-28,Argentina,United States,4,1,,,,,,False,,False,,,,,,44,1893,18644,1350,https://cdn.sportmonks.com/images/soccer/teams/20/18644.png,True,,6569,,,,,,,125076,,,4-1,1-1,0,0,,,,,,,13330,,,0,,,,,90,2007-06-28 00:50:00,00:50:00,1182991800,UTC,FT,1,6440,1913,18571,1331,https://cdn.sportmonks.com/images/soccer/teams/11/18571.png,True,,11566,,False,
14,1114,5875,1110876,18711,18775,,2007-06-29,Venezuela,Peru,2,0,,,,,,False,,False,,,,,,275,1926,18711,1365,https://cdn.sportmonks.com/images/soccer/teams/23/18711.png,True,,5418,,,,,,,125076,,,2-0,0-0,0,0,,,,,,,13330,,,0,,,,,90,2007-06-29 22:20:00,22:20:00,1183155600,UTC,FT,1,338,1922,18775,1364,https://cdn.sportmonks.com/images/soccer/teams/23/18775.png,True,,11432,,False,
15,1114,5875,1110878,18825,15265,,2007-06-30,Bolivia,Uruguay,0,1,,,,,,False,,False,,,,,,7598,1925,18825,1336,https://cdn.sportmonks.com/images/soccer/teams/9/18825.png,True,,4082,,,,,,,125076,,,0-1,0-0,0,0,,,,,,,13330,,,0,,,,,90,2007-06-30 20:05:00,20:05:00,1183233900,UTC,FT,1,1739,1936,15265,1355,https://cdn.sportmonks.com/images/soccer/teams/1/15265.png,False,,10990,,False,
16,1114,5876,1110883,18720,18775,,2011-07-16,Colombia,Peru,0,2,,,,,,False,,False,,,,,,353,1924,18720,1820,https://cdn.sportmonks.com/images/soccer/teams/0/18720.png,True,,5048,,,,,,,,,0 - 2,,0-0,0,0,,,,,,,13331,,,0,,,30,,120,2011-07-16 19:00:00,19:00:00,1310842800,UTC,AET,10409,338,1922,18775,1364,https://cdn.sportmonks.com/images/soccer/teams/23/18775.png,True,,11432,,False,
17,1114,5876,1110895,18644,15265,,2011-07-16,Argentina,Uruguay,1,1,,,,,,False,,False,,,,,,44,1893,18644,1350,https://cdn.sportmonks.com/images/soccer/teams/20/18644.png,True,,6569,,,,,,,,,1 - 1,1-1,1-1,4,5,,,,,,,13331,,,0,,,30,,90,2011-07-16 22:15:00,22:15:00,1310854500,UTC,FT_PEN,10395,1739,1936,15265,1355,https://cdn.sportmonks.com/images/soccer/teams/1/15265.png,False,,10990,,False,
18,1114,5876,1110908,18704,18723,,2011-07-17,Brazil,Paraguay,0,0,,,,,,False,,False,,,,,,5,1914,18704,1341,https://cdn.sportmonks.com/images/soccer/teams/16/18704.png,True,,392,,,,,,,,,0-0,0-0,0-0,0,2,,,,,,,13331,,,0,,,30,,90,2011-07-17 19:00:00,19:00:00,1310929200,UTC,FT_PEN,10194,1190,1906,18723,1344,https://cdn.sportmonks.com/images/soccer/teams/3/18723.png,True,,11408,,False,
19,1114,5876,1110917,18774,18711,,2011-07-17,Chile,Venezuela,1,2,,,,,,False,,False,,,,,,80,1895,18774,1343,https://cdn.sportmonks.com/images/soccer/teams/22/18774.png,True,,14489,,,,,,,,,,1-2,0-1,0,0,,,,,,,13331,,,0,,,,,90,2011-07-17 22:15:00,22:15:00,1310940900,UTC,FT,10104,275,1926,18711,1365,https://cdn.sportmonks.com/images/soccer/teams/23/18711.png,True,,5418,,False,
20,1114,5876,1110937,18775,15265,,2011-07-20,Peru,Uruguay,0,2,,,,,,False,,False,,,,,,338,1922,18775,1364,https://cdn.sportmonks.com/images/soccer/teams/23/18775.png,True,,11432,,,,,,,,,,0-2,0-0,0,0,,,,,,,13333,,,0,,,,,90,2011-07-20 00:45:00,00:45:00,1311122700,UTC,FT,10194,1739,1936,15265,1355,https://cdn.sportmonks.com/images/soccer/teams/1/15265.png,False,,10990,,False,
21,1114,5876,1110962,18723,18711,,2011-07-21,Paraguay,Venezuela,0,0,,,,,,False,,False,,,,,,1190,1906,18723,1344,https://cdn.sportmonks.com/images/soccer/teams/3/18723.png,True,,11408,,,,,,,,,0-0,0-0,0-0,5,3,,,,,,,13333,,,0,,,30,,90,2011-07-21 00:45:00,00:45:00,1311209100,UTC,FT_PEN,21601,275,1926,18711,1365,https://cdn.sportmonks.com/images/soccer/teams/23/18711.png,True,,5418,,False,
22,1114,5876,1110972,18775,18711,,2011-07-23,Peru,Venezuela,4,1,,,,,,False,,False,,,,,,338,1922,18775,1364,https://cdn.sportmonks.com/images/soccer/teams/23/18775.png,True,,11432,,,,,,,,,,4-1,1-0,0,0,,,,,,,13345,,,0,,,,,90,2011-07-23 19:00:00,19:00:00,1311447600,UTC,FT,10194,275,1926,18711,1365,https://cdn.sportmonks.com/images/soccer/teams/23/18711.png,True,,5418,,False,
23,1114,5876,1110982,15265,18723,,2011-07-24,Uruguay,Paraguay,3,0,,,,,,False,,False,,,,,,1739,1936,15265,1355,https://cdn.sportmonks.com/images/soccer/teams/1/15265.png,False,,10990,,,,,,,,,,3-0,2-0,0,0,,,,,,,13353,,,0,,,,,90,2011-07-24 19:00:00,19:00:00,1311534000,UTC,FT,10376,1190,1906,18723,1344,https://cdn.sportmonks.com/images/soccer/teams/3/18723.png,True,,11408,,False,
24,1114,5876,1110991,18644,18825,,2011-07-02,Argentina,Bolivia,1,1,,,,,,False,,False,,,,,,44,1893,18644,1350,https://cdn.sportmonks.com/images/soccer/teams/20/18644.png,True,,6569,,,,,,,125078,,,1-1,0-0,0,0,,,,,,,13355,,,0,,,,,90,2011-07-02 00:45:00,00:45:00,1309567500,UTC,FT,10194,7598,1925,18825,1336,https://cdn.sportmonks.com/images/soccer/teams/9/18825.png,True,,4082,,False,
25,1114,5876,1111003,18720,18598,,2011-07-02,Colombia,Costa Rica,1,0,,,,,,False,,False,,,,,,353,1924,18720,1820,https://cdn.sportmonks.com/images/soccer/teams/0/18720.png,True,,5048,,,,,,,125078,,,1-0,1-0,0,0,,,,,,,13355,,,0,,,,,90,2011-07-02 18:32:00,18:32:00,1309631520,UTC,FT,10340,1739,1921,18598,1211,https://cdn.sportmonks.com/images/soccer/teams/6/18598.png,True,,10981,,False,
26,1114,5876,1111014,18704,18711,,2011-07-03,Brazil,Venezuela,0,0,,,,,,False,,False,,,,,,5,1914,18704,1341,https://cdn.sportmonks.com/images/soccer/teams/16/18704.png,True,,392,,,,,,,125078,,,0-0,0-0,0,0,,,,,,,13355,,,0,,,,,90,2011-07-03 19:00:00,19:00:00,1309719600,UTC,FT,10194,275,1926,18711,1365,https://cdn.sportmonks.com/images/soccer/teams/23/18711.png,True,,5418,,False,
27,1114,5876,1111027,18723,18573,,2011-07-03,Paraguay,Ecuador,0,0,,,,,,False,,False,,,,,,1190,1906,18723,1344,https://cdn.sportmonks.com/images/soccer/teams/3/18723.png,True,,11408,,,,,,,125078,,,0-0,0-0,0,0,,,,,,,13355,,,0,,,,,90,2011-07-03 21:30:00,21:30:00,1309728600,UTC,FT,10395,459,1925,18573,1357,https://cdn.sportmonks.com/images/soccer/teams/13/18573.png,True,,1463,,False,
28,1114,5876,1111038,15251,18775,,2011-07-04,Uruguay,Peru,1,1,,,,,,False,,False,,,,,,158,1900,15251,1355,https://cdn.sportmonks.com/images/soccer/teams/19/15251.png,True,,10900,,,,,,,125078,,,1-1,1-1,0,0,,,,,,,13355,,,0,,,,,90,2011-07-04 22:15:00,22:15:00,1309817700,UTC,FT,10104,338,1922,18775,1364,https://cdn.sportmonks.com/images/soccer/teams/23/18775.png,True,,11432,,False,
29,1114,5876,1111047,18774,18576,,2011-07-05,Chile,Mexico,2,1,,,,,,False,,False,,,,,,80,1895,18774,1343,https://cdn.sportmonks.com/images/soccer/teams/22/18774.png,True,,14489,,,,,,,125078,,,2-1,0-1,0,0,,,,,,,13355,,,0,,,,,90,2011-07-05 00:45:00,00:45:00,1309826700,UTC,FT,10104,458,1927,18576,1356,https://cdn.sportmonks.com/images/soccer/teams/16/18576.png,True,,1599,,False,
30,1114,5876,1111059,18644,18720,,2011-07-07,Argentina,Colombia,0,0,,,,,,False,,False,,,,,,44,1893,18644,1350,https://cdn.sportmonks.com/images/soccer/teams/20/18644.png,True,,6569,,,,,,,125078,,,0-0,0-0,0,0,,,,,,,13355,,,0,,,,,90,2011-07-07 00:45:00,00:45:00,1309999500,UTC,FT,10395,353,1924,18720,1820,https://cdn.sportmonks.com/images/soccer/teams/0/18720.png,True,,5048,,False,
31,1114,5876,1111077,18825,18598,,2011-07-07,Bolivia,Costa Rica,0,2,,,,,,False,,False,,,,,,7598,1925,18825,1336,https://cdn.sportmonks.com/images/soccer/teams/9/18825.png,True,,4082,,,,,,,125078,,,0-2,0-0,0,0,,,,,,,13355,,,0,,,,,90,2011-07-07 22:15:00,22:15:00,1310076900,UTC,FT,10340,1739,1921,18598,1211,https://cdn.sportmonks.com/images/soccer/teams/6/18598.png,True,,10981,,False,
32,1114,5876,1111093,15251,18774,,2011-07-08,Uruguay,Chile,1,1,,,,,,False,,False,,,,,,158,1900,15251,1355,https://cdn.sportmonks.com/images/soccer/teams/19/15251.png,True,,10900,,,,,,,125080,,,1-1,0-0,0,0,,,,,,,13355,,,0,,,,,90,2011-07-08 22:15:00,22:15:00,1310163300,UTC,FT,7307,80,1895,18774,1343,https://cdn.sportmonks.com/images/soccer/teams/22/18774.png,True,,14489,,False,
33,1114,5876,1111106,18775,18576,,2011-07-09,Peru,Mexico,1,0,,,,,,False,,False,,,,,,338,1922,18775,1364,https://cdn.sportmonks.com/images/soccer/teams/23/18775.png,True,,11432,,,,,,,125080,,,1-0,0-0,0,0,,,,,,,13355,,,0,,,,,90,2011-07-09 00:45:00,00:45:00,1310172300,UTC,FT,7307,458,1927,18576,1356,https://cdn.sportmonks.com/images/soccer/teams/16/18576.png,True,,1599,,False,
34,1114,5876,1111116,18704,18723,,2011-07-09,Brazil,Paraguay,2,2,,,,,,False,,False,,,,,,5,1914,18704,1341,https://cdn.sportmonks.com/images/soccer/teams/16/18704.png,True,,392,,,,,,,125080,,,2-2,1-0,0,0,,,,,,,13355,,,0,,,,,90,2011-07-09 19:00:00,19:00:00,1310238000,UTC,FT,10409,1190,1906,18723,1344,https://cdn.sportmonks.com/images/soccer/teams/3/18723.png,True,,11408,,False,
35,1114,5876,1111127,18711,18573,,2011-07-09,Venezuela,Ecuador,1,0,,,,,,False,,False,,,,,,275,1926,18711,1365,https://cdn.sportmonks.com/images/soccer/teams/23/18711.png,True,,5418,,,,,,,125080,,,1-0,0-0,0,0,,,,,,,13355,,,0,,,,,90,2011-07-09 21:30:00,21:30:00,1310247000,UTC,FT,10245,459,1925,18573,1357,https://cdn.sportmonks.com/images/soccer/teams/13/18573.png,True,,1463,,False,
36,1114,5876,1111137,18720,18825,,2011-07-10,Colombia,Bolivia,2,0,,,,,,False,,False,,,,,,353,1924,18720,1820,https://cdn.sportmonks.com/images/soccer/teams/0/18720.png,True,,5048,,,,,,,125080,,,2-0,2-0,0,0,,,,,,,13355,,,0,,,,,90,2011-07-10 19:00:00,19:00:00,1310324400,UTC,FT,10395,7598,1925,18825,1336,https://cdn.sportmonks.com/images/soccer/teams/9/18825.png,True,,4082,,False,
37,1114,5876,1111148,18644,18598,,2011-07-12,Argentina,Costa Rica,3,0,,,,,,False,,False,,,,,,44,1893,18644,1350,https://cdn.sportmonks.com/images/soccer/teams/20/18644.png,True,,6569,,,,,,,125080,,,3-0,1-0,0,0,,,,,,,13355,,,0,,,,,90,2011-07-12 00:45:00,00:45:00,1310431500,UTC,FT,10409,1739,1921,18598,1211,https://cdn.sportmonks.com/images/soccer/teams/6/18598.png,True,,10981,,False,
38,1114,5876,1111161,18774,18775,,2011-07-12,Chile,Peru,1,0,,,,,,False,,False,,,,,,80,1895,18774,1343,https://cdn.sportmonks.com/images/soccer/teams/22/18774.png,True,,14489,,,,,,,125080,,,1-0,0-0,0,0,,,,,,,13355,,,0,,,,,90,2011-07-12 22:15:00,22:15:00,1310508900,UTC,FT,7307,338,1922,18775,1364,https://cdn.sportmonks.com/images/soccer/teams/23/18775.png,True,,11432,,False,
39,1114,5876,1111187,15251,18576,,2011-07-13,Uruguay,Mexico,1,0,,,,,,False,,False,,,,,,158,1900,15251,1355,https://cdn.sportmonks.com/images/soccer/teams/19/15251.png,True,,10900,,,,,,,125080,,,1-0,1-0,0,0,,,,,,,13355,,,0,,,,,90,2011-07-13 00:45:00,00:45:00,1310517900,UTC,FT,10194,458,1927,18576,1356,https://cdn.sportmonks.com/images/soccer/teams/16/18576.png,True,,1599,,False,
40,1114,5876,1111198,18723,18711,,2011-07-13,Paraguay,Venezuela,3,3,,,,,,False,,False,,,,,,1190,1906,18723,1344,https://cdn.sportmonks.com/images/soccer/teams/3/18723.png,True,,11408,,,,,,,125080,,,3-3,1-1,0,0,,,,,,,13355,,,0,,,,,90,2011-07-13 22:15:00,22:15:00,1310595300,UTC,FT,10245,275,1926,18711,1365,https://cdn.sportmonks.com/images/soccer/teams/23/18711.png,True,,5418,,False,
41,1114,5876,1111209,18704,18573,,2011-07-14,Brazil,Ecuador,4,2,,,,,,False,,False,,,,,,5,1914,18704,1341,https://cdn.sportmonks.com/images/soccer/teams/16/18704.png,True,,392,,,,,,,125080,,,4-2,1-1,0,0,,,,,,,13355,,,0,,,,,90,2011-07-14 00:45:00,00:45:00,1310604300,UTC,FT,10409,459,1925,18573,1357,https://cdn.sportmonks.com/images/soccer/teams/13/18573.png,True,,1463,,False,
42,1114,5877,1111229,18774,15251,15251.0,2015-06-24,Chile,Uruguay,1,0,,,,,,True,2,False,,,18.0,,,80,1895,18774,1343,https://cdn.sportmonks.com/images/soccer/teams/22/18774.png,True,,14489,1,,,20.0,2,5,,6,,1-0,0-0,0,0,0.0,0.0,0.0,2.0,0.0,6.0,13332,,,1,,,,,90,2015-06-24 23:30:00,23:30:00,1435188600,UTC,FT,10774,158,1900,15251,1355,https://cdn.sportmonks.com/images/soccer/teams/19/15251.png,True,,10900,,False,1
43,1114,5877,1111229,18774,15251,18774.0,2015-06-24,Chile,Uruguay,1,0,,,,,,True,6,False,,,16.0,,,80,1895,18774,1343,https://cdn.sportmonks.com/images/soccer/teams/22/18774.png,True,,14489,1,,,80.0,,5,,2,,1-0,0-0,0,0,0.0,0.0,0.0,7.0,0.0,15.0,13332,,,1,,,,,90,2015-06-24 23:30:00,23:30:00,1435188600,UTC,FT,10774,158,1900,15251,1355,https://cdn.sportmonks.com/images/soccer/teams/19/15251.png,True,,10900,,False,3
44,1114,5877,1111241,18825,18775,18775.0,2015-06-25,Bolivia,Peru,1,3,,,,,,True,11,False,,,25.0,,,7598,1925,18825,1336,https://cdn.sportmonks.com/images/soccer/teams/9/18825.png,True,,4082,,,,52.0,,5,,2,,1-3,0-2,0,0,0.0,0.0,0.0,8.0,0.0,27.0,13332,,,1,,,,,90,2015-06-25 23:30:00,23:30:00,1435275000,UTC,FT,10818,338,1922,18775,1364,https://cdn.sportmonks.com/images/soccer/teams/23/18775.png,True,,11432,,False,4
45,1114,5877,1111241,18825,18775,18825.0,2015-06-25,Bolivia,Peru,1,3,,,,,,True,4,False,,,26.0,,,7598,1925,18825,1336,https://cdn.sportmonks.com/images/soccer/teams/9/18825.png,True,,4082,2,,,48.0,,5,,5,,1-3,0-2,0,0,0.0,0.0,0.0,3.0,0.0,9.0,13332,,,1,,,,,90,2015-06-25 23:30:00,23:30:00,1435275000,UTC,FT,10818,338,1922,18775,1364,https://cdn.sportmonks.com/images/soccer/teams/23/18775.png,True,,11432,,False,4
46,1114,5877,1111252,18644,18720,18644.0,2015-06-26,Argentina,Colombia,0,0,,,,,,True,8,False,,,13.0,,,44,1893,18644,1350,https://cdn.sportmonks.com/images/soccer/teams/20/18644.png,True,,6569,2,,,61.0,,5,,1,0-0,0-0,0-0,5,4,0.0,0.0,0.0,6.0,0.0,16.0,13332,,,1,,,30,,90,2015-06-26 23:30:00,23:30:00,1435361400,UTC,FT_PEN,10824,353,1924,18720,1820,https://cdn.sportmonks.com/images/soccer/teams/0/18720.png,True,,5048,,False,3
47,1114,5877,1111252,18644,18720,18720.0,2015-06-26,Argentina,Colombia,0,0,,,,,,True,1,False,,,22.0,,,44,1893,18644,1350,https://cdn.sportmonks.com/images/soccer/teams/20/18644.png,True,,6569,,,,39.0,,5,,6,0-0,0-0,0-0,5,4,0.0,0.0,0.0,1.0,0.0,2.0,13332,,,1,,,30,,90,2015-06-26 23:30:00,23:30:00,1435361400,UTC,FT_PEN,10824,353,1924,18720,1820,https://cdn.sportmonks.com/images/soccer/teams/0/18720.png,True,,5048,,False,5
48,1114,5877,1111262,18704,18723,18704.0,2015-06-27,Brazil,Paraguay,1,1,,,,,,True,4,False,,,14.0,,,5,1914,18704,1341,https://cdn.sportmonks.com/images/soccer/teams/16/18704.png,True,,392,2,,,59.0,,5,,5,0-0,1-1,1-0,3,4,0.0,0.0,0.0,3.0,0.0,6.0,13332,,,1,,,30,,90,2015-06-27 21:30:00,21:30:00,1435440600,UTC,FT_PEN,8519,1190,1906,18723,1344,https://cdn.sportmonks.com/images/soccer/teams/3/18723.png,True,,11408,,False,2
49,1114,5877,1111262,18704,18723,18723.0,2015-06-27,Brazil,Paraguay,1,1,,,,,,True,7,False,,,22.0,,,5,1914,18704,1341,https://cdn.sportmonks.com/images/soccer/teams/16/18704.png,True,,392,2,,,41.0,,5,,2,0-0,1-1,1-0,3,4,0.0,0.0,0.0,6.0,0.0,11.0,13332,,,1,,,30,,90,2015-06-27 21:30:00,21:30:00,1435440600,UTC,FT_PEN,8519,1190,1906,18723,1344,https://cdn.sportmonks.com/images/soccer/teams/3/18723.png,True,,11408,,False,3
50,1114,5877,1111271,18774,18775,18774.0,2015-06-29,Chile,Peru,2,1,,,,,,True,5,False,,,16.0,,,80,1895,18774,1343,https://cdn.sportmonks.com/images/soccer/teams/22/18774.png,True,,14489,4,,,72.0,,5,,4,,2-1,1-0,0,0,0.0,0.0,0.0,5.0,0.0,16.0,13334,,,1,,,,,90,2015-06-29 23:30:00,23:30:00,1435620600,UTC,FT,10774,338,1922,18775,1364,https://cdn.sportmonks.com/images/soccer/teams/23/18775.png,True,,11432,,False,
51,1114,5877,1111271,18774,18775,18775.0,2015-06-29,Chile,Peru,2,1,,,,,,True,4,False,,,12.0,,,80,1895,18774,1343,https://cdn.sportmonks.com/images/soccer/teams/22/18774.png,True,,14489,2,,,28.0,1,5,,3,,2-1,1-0,0,0,0.0,0.0,0.0,4.0,0.0,9.0,13334,,,1,,,,,90,2015-06-29 23:30:00,23:30:00,1435620600,UTC,FT,10774,338,1922,18775,1364,https://cdn.sportmonks.com/images/soccer/teams/23/18775.png,True,,11432,,False,1
52,1114,5877,1111287,18644,18723,18644.0,2015-06-30,Argentina,Paraguay,6,1,,,,,,True,3,False,,,12.0,,,44,1893,18644,1350,https://cdn.sportmonks.com/images/soccer/teams/20/18644.png,True,,6569,4,,,59.0,,5,,2,,6-1,2-1,0,0,0.0,0.0,0.0,10.0,0.0,15.0,13334,,,1,,,,,90,2015-06-30 23:30:00,23:30:00,1435707000,UTC,FT,8519,1190,1906,18723,1344,https://cdn.sportmonks.com/images/soccer/teams/3/18723.png,True,,11408,,False,2
53,1114,5877,1111287,18644,18723,18723.0,2015-06-30,Argentina,Paraguay,6,1,,,,,,True,3,False,,,19.0,,,44,1893,18644,1350,https://cdn.sportmonks.com/images/soccer/teams/20/18644.png,True,,6569,1,,,41.0,,5,,4,,6-1,2-1,0,0,0.0,0.0,0.0,3.0,0.0,14.0,13334,,,1,,,,,90,2015-06-30 23:30:00,23:30:00,1435707000,UTC,FT,8519,1190,1906,18723,1344,https://cdn.sportmonks.com/images/soccer/teams/3/18723.png,True,,11408,,False,3
54,1114,5877,1111298,18775,18723,18723.0,2015-07-03,Peru,Paraguay,2,0,,,,,,True,3,False,,,14.0,,,338,1922,18775,1364,https://cdn.sportmonks.com/images/soccer/teams/23/18775.png,True,,11432,5,,,49.0,,5,,2,,2-0,0-0,0,0,0.0,0.0,0.0,3.0,0.0,8.0,13351,,,1,,,,,90,2015-07-03 23:30:00,23:30:00,1435966200,UTC,FT,8519,1190,1906,18723,1344,https://cdn.sportmonks.com/images/soccer/teams/3/18723.png,True,,11408,,False,1
55,1114,5877,1111298,18775,18723,18775.0,2015-07-03,Peru,Paraguay,2,0,,,,,,True,11,False,,,16.0,,,338,1922,18775,1364,https://cdn.sportmonks.com/images/soccer/teams/23/18775.png,True,,11432,2,,,51.0,,5,,3,,2-0,0-0,0,0,0.0,0.0,0.0,4.0,0.0,13.0,13351,,,1,,,,,90,2015-07-03 23:30:00,23:30:00,1435966200,UTC,FT,8519,1190,1906,18723,1344,https://cdn.sportmonks.com/images/soccer/teams/3/18723.png,True,,11408,,False,2
56,1114,5877,1111308,18774,18644,18644.0,2015-07-04,Chile,Argentina,0,0,,,,,,True,8,False,,,21.0,,,80,1895,18774,1343,https://cdn.sportmonks.com/images/soccer/teams/22/18774.png,True,,14489,2,,,43.0,,5,,4,0-0,0-0,0-0,4,1,0.0,0.0,0.0,2.0,0.0,8.0,13354,,,1,,,30,,90,2015-07-04 20:00:00,20:00:00,1436040000,UTC,FT_PEN,10774,44,1893,18644,1350,https://cdn.sportmonks.com/images/soccer/teams/20/18644.png,True,,6569,,False,3
57,1114,5877,1111308,18774,18644,18774.0,2015-07-04,Chile,Argentina,0,0,,,,,,True,4,False,,,28.0,,,80,1895,18774,1343,https://cdn.sportmonks.com/images/soccer/teams/22/18774.png,True,,14489,1,,,57.0,,5,,2,0-0,0-0,0-0,4,1,0.0,0.0,0.0,4.0,0.0,18.0,13354,,,1,,,30,,90,2015-07-04 20:00:00,20:00:00,1436040000,UTC,FT_PEN,10774,44,1893,18644,1350,https://cdn.sportmonks.com/images/soccer/teams/20/18644.png,True,,6569,,False,4
58,1114,5877,1111318,18774,18573,18573.0,2015-06-11,Chile,Ecuador,2,0,,,,,,True,2,False,,,16.0,,,80,1895,18774,1343,https://cdn.sportmonks.com/images/soccer/teams/22/18774.png,True,,14489,3,,,34.0,,5,125079,2,,2-0,0-0,0,0,0.0,0.0,0.0,1.0,0.0,7.0,13358,,,1,,,,,90,2015-06-11 23:30:00,23:30:00,1434065400,UTC,FT,10774,459,1925,18573,1357,https://cdn.sportmonks.com/images/soccer/teams/13/18573.png,True,,1463,,False,2
59,1114,5877,1111318,18774,18573,18774.0,2015-06-11,Chile,Ecuador,2,0,,,,,,True,,False,,,15.0,,,80,1895,18774,1343,https://cdn.sportmonks.com/images/soccer/teams/22/18774.png,True,,14489,1,,,66.0,1,5,125079,1,,2-0,0-0,0,0,0.0,0.0,0.0,4.0,0.0,10.0,13358,,,1,,,,,90,2015-06-11 23:30:00,23:30:00,1434065400,UTC,FT,10774,459,1925,18573,1357,https://cdn.sportmonks.com/images/soccer/teams/13/18573.png,True,,1463,,False,1
60,1114,5877,1111328,18576,18825,18576.0,2015-06-12,Mexico,Bolivia,0,0,,,,,,True,5,False,,,15.0,,,458,1927,18576,1356,https://cdn.sportmonks.com/images/soccer/teams/16/18576.png,True,,1599,2,,,56.0,,5,125079,1,,0-0,0-0,0,0,0.0,0.0,0.0,1.0,0.0,11.0,13358,,,1,,,,,90,2015-06-12 23:30:00,23:30:00,1434151800,UTC,FT,10824,7598,1925,18825,1336,https://cdn.sportmonks.com/images/soccer/teams/9/18825.png,True,,4082,,False,1
61,1114,5877,1111328,18576,18825,18825.0,2015-06-12,Mexico,Bolivia,0,0,,,,,,True,1,False,,,25.0,,,458,1927,18576,1356,https://cdn.sportmonks.com/images/soccer/teams/16/18576.png,True,,1599,2,,,44.0,,5,125079,1,,0-0,0-0,0,0,0.0,0.0,0.0,1.0,0.0,8.0,13358,,,1,,,,,90,2015-06-12 23:30:00,23:30:00,1434151800,UTC,FT,10824,7598,1925,18825,1336,https://cdn.sportmonks.com/images/soccer/teams/9/18825.png,True,,4082,,False,2
62,1114,5877,1111342,15251,18771,15251.0,2015-06-13,Uruguay,Jamaica,1,0,,,,,,True,2,False,,,14.0,,,158,1900,15251,1355,https://cdn.sportmonks.com/images/soccer/teams/19/15251.png,True,,10900,1,,,51.0,,5,125079,,,1-0,0-0,0,0,0.0,0.0,0.0,2.0,0.0,11.0,13358,,,1,,,,,90,2015-06-13 19:00:00,19:00:00,1434222000,UTC,FT,10372,1640,1910,18771,1819,https://cdn.sportmonks.com/images/soccer/teams/19/18771.png,True,,11245,,False,2
63,1114,5877,1111342,15251,18771,18771.0,2015-06-13,Uruguay,Jamaica,1,0,,,,,,True,5,False,,,19.0,,,158,1900,15251,1355,https://cdn.sportmonks.com/images/soccer/teams/19/15251.png,True,,10900,1,,,49.0,,5,125079,1,,1-0,0-0,0,0,0.0,0.0,0.0,0.0,0.0,11.0,13358,,,1,,,,,90,2015-06-13 19:00:00,19:00:00,1434222000,UTC,FT,10372,1640,1910,18771,1819,https://cdn.sportmonks.com/images/soccer/teams/19/18771.png,True,,11245,,False,1
64,1114,5877,1111352,18644,18723,18644.0,2015-06-13,Argentina,Paraguay,2,2,,,,,,True,9,False,,,16.0,,,44,1893,18644,1350,https://cdn.sportmonks.com/images/soccer/teams/20/18644.png,True,,6569,1,,,69.0,,5,125079,2,,2-2,2-0,0,0,0.0,0.0,0.0,6.0,0.0,18.0,13358,,,1,,,,,90,2015-06-13 21:30:00,21:30:00,1434231000,UTC,FT,10778,1190,1906,18723,1344,https://cdn.sportmonks.com/images/soccer/teams/3/18723.png,True,,11408,,False,2
65,1114,5877,1111352,18644,18723,18723.0,2015-06-13,Argentina,Paraguay,2,2,,,,,,True,3,False,,,17.0,,,44,1893,18644,1350,https://cdn.sportmonks.com/images/soccer/teams/20/18644.png,True,,6569,3,,,31.0,,5,125079,4,,2-2,2-0,0,0,0.0,0.0,0.0,4.0,0.0,10.0,13358,,,1,,,,,90,2015-06-13 21:30:00,21:30:00,1434231000,UTC,FT,10778,1190,1906,18723,1344,https://cdn.sportmonks.com/images/soccer/teams/3/18723.png,True,,11408,,False,5
66,1114,5877,1111364,18720,18711,18711.0,2015-06-14,Colombia,Venezuela,0,1,,,,,,True,2,False,,,24.0,,,353,1924,18720,1820,https://cdn.sportmonks.com/images/soccer/teams/0/18720.png,True,,5048,1,,,41.0,,5,125079,2,,0-1,0-0,0,0,0.0,0.0,0.0,2.0,0.0,6.0,13358,,,1,,,,,90,2015-06-14 19:00:00,19:00:00,1434308400,UTC,FT,10786,275,1926,18711,1365,https://cdn.sportmonks.com/images/soccer/teams/23/18711.png,True,,5418,,False,4
67,1114,5877,1111364,18720,18711,18720.0,2015-06-14,Colombia,Venezuela,0,1,,,,,,True,10,False,,,17.0,,,353,1924,18720,1820,https://cdn.sportmonks.com/images/soccer/teams/0/18720.png,True,,5048,2,,,59.0,,5,125079,1,,0-1,0-0,0,0,0.0,0.0,0.0,2.0,0.0,15.0,13358,,,1,,,,,90,2015-06-14 19:00:00,19:00:00,1434308400,UTC,FT,10786,275,1926,18711,1365,https://cdn.sportmonks.com/images/soccer/teams/23/18711.png,True,,5418,,False,3
68,1114,5877,1111373,18704,18775,18704.0,2015-06-14,Brazil,Peru,2,1,,,,,,True,2,False,,,17.0,,,5,1914,18704,1341,https://cdn.sportmonks.com/images/soccer/teams/16/18704.png,True,,392,3,,,59.0,,5,125079,2,,2-1,1-1,0,0,0.0,0.0,0.0,4.0,0.0,16.0,13358,,,1,,,,,90,2015-06-14 21:30:00,21:30:00,1434317400,UTC,FT,10818,338,1922,18775,1364,https://cdn.sportmonks.com/images/soccer/teams/23/18775.png,True,,11432,,False,2
69,1114,5877,1111373,18704,18775,18775.0,2015-06-14,Brazil,Peru,2,1,,,,,,True,3,False,,,17.0,,,5,1914,18704,1341,https://cdn.sportmonks.com/images/soccer/teams/16/18704.png,True,,392,2,,,41.0,,5,125079,2,,2-1,1-1,0,0,0.0,0.0,0.0,3.0,0.0,8.0,13358,,,1,,,,,90,2015-06-14 21:30:00,21:30:00,1434317400,UTC,FT,10818,338,1922,18775,1364,https://cdn.sportmonks.com/images/soccer/teams/23/18775.png,True,,11432,,False,2
70,1114,5877,1111384,18573,18825,18573.0,2015-06-15,Ecuador,Bolivia,2,3,,,,,,True,13,False,,,19.0,,,459,1925,18573,1357,https://cdn.sportmonks.com/images/soccer/teams/13/18573.png,True,,1463,2,,,74.0,,5,125079,1,,2-3,0-3,0,0,0.0,0.0,0.0,10.0,0.0,26.0,13358,,,1,,,,,90,2015-06-15 21:00:00,21:00:00,1434402000,UTC,FT,8607,7598,1925,18825,1336,https://cdn.sportmonks.com/images/soccer/teams/9/18825.png,True,,4082,,False,2
71,1114,5877,1111384,18573,18825,18825.0,2015-06-15,Ecuador,Bolivia,2,3,,,,,,True,2,False,,,28.0,,,459,1925,18573,1357,https://cdn.sportmonks.com/images/soccer/teams/13/18573.png,True,,1463,,,,26.0,,5,125079,8,,2-3,0-3,0,0,0.0,0.0,0.0,4.0,0.0,5.0,13358,,,1,,,,,90,2015-06-15 21:00:00,21:00:00,1434402000,UTC,FT,8607,7598,1925,18825,1336,https://cdn.sportmonks.com/images/soccer/teams/9/18825.png,True,,4082,,False,3
72,1114,5877,1111399,18774,18576,18576.0,2015-06-15,Chile,Mexico,3,3,,,,,,True,2,False,,,22.0,,,80,1895,18774,1343,https://cdn.sportmonks.com/images/soccer/teams/22/18774.png,True,,14489,2,,,31.0,,5,125079,4,,3-3,2-2,0,0,0.0,0.0,0.0,6.0,0.0,10.0,13358,,,1,,,,,90,2015-06-15 23:30:00,23:30:00,1434411000,UTC,FT,10774,458,1927,18576,1356,https://cdn.sportmonks.com/images/soccer/teams/16/18576.png,True,,1599,,False,1
73,1114,5877,1111399,18774,18576,18774.0,2015-06-15,Chile,Mexico,3,3,,,,,,True,4,False,,,8.0,,,80,1895,18774,1343,https://cdn.sportmonks.com/images/soccer/teams/22/18774.png,True,,14489,6,,,69.0,,5,125079,3,,3-3,2-2,0,0,0.0,0.0,0.0,7.0,0.0,18.0,13358,,,1,,,,,90,2015-06-15 23:30:00,23:30:00,1434411000,UTC,FT,10774,458,1927,18576,1356,https://cdn.sportmonks.com/images/soccer/teams/16/18576.png,True,,1599,,False,2
74,1114,5877,1111413,18723,18771,18723.0,2015-06-16,Paraguay,Jamaica,1,0,,,,,,True,7,False,,,19.0,,,1190,1906,18723,1344,https://cdn.sportmonks.com/images/soccer/teams/3/18723.png,True,,11408,3,,,54.0,,5,125081,1,,1-0,1-0,0,0,0.0,0.0,0.0,4.0,0.0,15.0,13358,,,1,,,,,90,2015-06-16 21:00:00,21:00:00,1434488400,UTC,FT,10372,1640,1910,18771,1819,https://cdn.sportmonks.com/images/soccer/teams/19/18771.png,True,,11245,,False,1
75,1114,5877,1111413,18723,18771,18771.0,2015-06-16,Paraguay,Jamaica,1,0,,,,,,True,3,False,,,14.0,,,1190,1906,18723,1344,https://cdn.sportmonks.com/images/soccer/teams/3/18723.png,True,,11408,,,,46.0,,5,125081,3,,1-0,1-0,0,0,0.0,0.0,0.0,1.0,0.0,5.0,13358,,,1,,,,,90,2015-06-16 21:00:00,21:00:00,1434488400,UTC,FT,10372,1640,1910,18771,1819,https://cdn.sportmonks.com/images/soccer/teams/19/18771.png,True,,11245,,False,2
76,1114,5877,1111425,18644,15251,15251.0,2015-06-16,Argentina,Uruguay,1,0,,,,,,True,4,False,,,22.0,,,44,1893,18644,1350,https://cdn.sportmonks.com/images/soccer/teams/20/18644.png,True,,6569,,,,31.0,,5,125081,6,,1-0,0-0,0,0,0.0,0.0,0.0,3.0,0.0,14.0,13358,,,1,,,,,90,2015-06-16 23:30:00,23:30:00,1434497400,UTC,FT,10778,158,1900,15251,1355,https://cdn.sportmonks.com/images/soccer/teams/19/15251.png,True,,10900,,False,3
77,1114,5877,1111425,18644,15251,18644.0,2015-06-16,Argentina,Uruguay,1,0,,,,,,True,8,False,,,13.0,,,44,1893,18644,1350,https://cdn.sportmonks.com/images/soccer/teams/20/18644.png,True,,6569,1,,,69.0,,5,125081,3,,1-0,0-0,0,0,0.0,0.0,0.0,7.0,0.0,12.0,13358,,,1,,,,,90,2015-06-16 23:30:00,23:30:00,1434497400,UTC,FT,10778,158,1900,15251,1355,https://cdn.sportmonks.com/images/soccer/teams/19/15251.png,True,,10900,,False,3
78,1114,5877,1111435,18704,18720,,2015-06-18,Brazil,Colombia,0,1,,,,,,False,,False,,,,,,5,1914,18704,1341,https://cdn.sportmonks.com/images/soccer/teams/16/18704.png,True,,392,,,,,,,125081,,,0-1,0-1,0,0,,,,,,,13358,,,0,,,,,90,2015-06-18 00:00:00,00:00:00,1434585600,UTC,FT,21459,353,1924,18720,1820,https://cdn.sportmonks.com/images/soccer/teams/0/18720.png,True,,5048,,False,
79,1114,5877,1111448,18775,18711,18711.0,2015-06-18,Peru,Venezuela,1,0,,,,,,True,1,False,,,15.0,,,338,1922,18775,1364,https://cdn.sportmonks.com/images/soccer/teams/23/18775.png,True,,11432,3,,,34.0,1,5,125081,,,1-0,0-0,0,0,0.0,0.0,0.0,2.0,0.0,2.0,13358,,,1,,,,,90,2015-06-18 23:30:00,23:30:00,1434670200,UTC,FT,8607,275,1926,18711,1365,https://cdn.sportmonks.com/images/soccer/teams/23/18711.png,True,,5418,,False,1
80,1114,5877,1111448,18775,18711,18775.0,2015-06-18,Peru,Venezuela,1,0,,,,,,True,3,False,,,17.0,,,338,1922,18775,1364,https://cdn.sportmonks.com/images/soccer/teams/23/18775.png,True,,11432,,,,66.0,,5,125081,2,,1-0,0-0,0,0,0.0,0.0,0.0,1.0,0.0,12.0,13358,,,1,,,,,90,2015-06-18 23:30:00,23:30:00,1434670200,UTC,FT,8607,275,1926,18711,1365,https://cdn.sportmonks.com/images/soccer/teams/23/18711.png,True,,5418,,False,3
81,1114,5877,1111459,18576,18573,18573.0,2015-06-19,Mexico,Ecuador,1,2,,,,,,True,6,False,,,16.0,,,458,1927,18576,1356,https://cdn.sportmonks.com/images/soccer/teams/16/18576.png,True,,1599,4,,,54.0,,5,125081,1,,1-2,0-1,0,0,0.0,0.0,0.0,6.0,0.0,17.0,13358,,,1,,,,,90,2015-06-19 21:00:00,21:00:00,1434747600,UTC,FT,10786,459,1925,18573,1357,https://cdn.sportmonks.com/images/soccer/teams/13/18573.png,True,,1463,,False,3
82,1114,5877,1111459,18576,18573,18576.0,2015-06-19,Mexico,Ecuador,1,2,,,,,,True,7,False,,,19.0,,,458,1927,18576,1356,https://cdn.sportmonks.com/images/soccer/teams/16/18576.png,True,,1599,3,,,46.0,,5,125081,4,,1-2,0-1,0,0,0.0,0.0,0.0,2.0,0.0,8.0,13358,,,1,,,,,90,2015-06-19 21:00:00,21:00:00,1434747600,UTC,FT,10786,459,1925,18573,1357,https://cdn.sportmonks.com/images/soccer/teams/13/18573.png,True,,1463,,False,3
83,1114,5877,1111471,18774,18825,18774.0,2015-06-19,Chile,Bolivia,5,0,,,,,,True,2,False,,,15.0,,,80,1895,18774,1343,https://cdn.sportmonks.com/images/soccer/teams/22/18774.png,True,,14489,1,,,67.0,,5,125081,1,,5-0,2-0,0,0,0.0,0.0,0.0,6.0,0.0,18.0,13358,,,1,,,,,90,2015-06-19 23:30:00,23:30:00,1434756600,UTC,FT,10774,7598,1925,18825,1336,https://cdn.sportmonks.com/images/soccer/teams/9/18825.png,True,,4082,,False,
84,1114,5877,1111471,18774,18825,18825.0,2015-06-19,Chile,Bolivia,5,0,,,,,,True,3,False,,,18.0,,,80,1895,18774,1343,https://cdn.sportmonks.com/images/soccer/teams/22/18774.png,True,,14489,1,,,33.0,,5,125081,2,,5-0,2-0,0,0,0.0,0.0,0.0,1.0,0.0,5.0,13358,,,1,,,,,90,2015-06-19 23:30:00,23:30:00,1434756600,UTC,FT,10774,7598,1925,18825,1336,https://cdn.sportmonks.com/images/soccer/teams/9/18825.png,True,,4082,,False,3
85,1114,5877,1111481,15251,18723,15251.0,2015-06-20,Uruguay,Paraguay,1,1,,,,,,True,5,False,,,14.0,,,158,1900,15251,1355,https://cdn.sportmonks.com/images/soccer/teams/19/15251.png,True,,10900,1,,,53.0,,5,125081,2,,1-1,1-1,0,0,0.0,0.0,0.0,4.0,0.0,13.0,13358,,,1,,,,,90,2015-06-20 19:00:00,19:00:00,1434826800,UTC,FT,10778,1190,1906,18723,1344,https://cdn.sportmonks.com/images/soccer/teams/3/18723.png,True,,11408,,False,3
86,1114,5877,1111481,15251,18723,18723.0,2015-06-20,Uruguay,Paraguay,1,1,,,,,,True,7,False,,,19.0,,,158,1900,15251,1355,https://cdn.sportmonks.com/images/soccer/teams/19/15251.png,True,,10900,,,,47.0,,5,125081,3,,1-1,1-1,0,0,0.0,0.0,0.0,3.0,0.0,8.0,13358,,,1,,,,,90,2015-06-20 19:00:00,19:00:00,1434826800,UTC,FT,10778,1190,1906,18723,1344,https://cdn.sportmonks.com/images/soccer/teams/3/18723.png,True,,11408,,False,3
87,1114,5877,1111490,18644,18771,18644.0,2015-06-20,Argentina,Jamaica,1,0,,,,,,True,7,False,,,10.0,,,44,1893,18644,1350,https://cdn.sportmonks.com/images/soccer/teams/20/18644.png,True,,6569,2,,,73.0,,5,125081,1,,1-0,1-0,0,0,0.0,0.0,0.0,5.0,0.0,19.0,13358,,,1,,,,,90,2015-06-20 21:30:00,21:30:00,1434835800,UTC,FT,10824,1640,1910,18771,1819,https://cdn.sportmonks.com/images/soccer/teams/19/18771.png,True,,11245,,False,2
88,1114,5877,1111490,18644,18771,18771.0,2015-06-20,Argentina,Jamaica,1,0,,,,,,True,5,False,,,10.0,,,44,1893,18644,1350,https://cdn.sportmonks.com/images/soccer/teams/20/18644.png,True,,6569,1,,,27.0,,5,125081,4,,1-0,1-0,0,0,0.0,0.0,0.0,1.0,0.0,5.0,13358,,,1,,,,,90,2015-06-20 21:30:00,21:30:00,1434835800,UTC,FT,10824,1640,1910,18771,1819,https://cdn.sportmonks.com/images/soccer/teams/19/18771.png,True,,11245,,False,3
89,1114,5877,1111498,18720,18775,18720.0,2015-06-21,Colombia,Peru,0,0,,,,,,True,8,False,,,13.0,,,353,1924,18720,1820,https://cdn.sportmonks.com/images/soccer/teams/0/18720.png,True,,5048,4,,,58.0,,5,125081,1,,0-0,0-0,0,0,0.0,0.0,0.0,3.0,0.0,16.0,13358,,,1,,,,,90,2015-06-21 19:00:00,19:00:00,1434913200,UTC,FT,10818,338,1922,18775,1364,https://cdn.sportmonks.com/images/soccer/teams/23/18775.png,True,,11432,,False,2
90,1114,5877,1111498,18720,18775,18775.0,2015-06-21,Colombia,Peru,0,0,,,,,,True,2,False,,,21.0,,,353,1924,18720,1820,https://cdn.sportmonks.com/images/soccer/teams/0/18720.png,True,,5048,1,,,42.0,,5,125081,3,,0-0,0-0,0,0,0.0,0.0,0.0,1.0,0.0,7.0,13358,,,1,,,,,90,2015-06-21 19:00:00,19:00:00,1434913200,UTC,FT,10818,338,1922,18775,1364,https://cdn.sportmonks.com/images/soccer/teams/23/18775.png,True,,11432,,False,3
91,1114,5877,1111543,18704,18711,18704.0,2015-06-21,Brazil,Venezuela,2,1,,,,,,True,7,False,,,17.0,,,5,1914,18704,1341,https://cdn.sportmonks.com/images/soccer/teams/16/18704.png,True,,392,2,,,57.0,,5,125081,2,,2-1,1-0,0,0,0.0,0.0,0.0,8.0,0.0,17.0,13358,,,1,,,,,90,2015-06-21 21:30:00,21:30:00,1434922200,UTC,FT,21459,275,1926,18711,1365,https://cdn.sportmonks.com/images/soccer/teams/23/18711.png,True,,5418,,False,1
92,1114,5877,1111543,18704,18711,18711.0,2015-06-21,Brazil,Venezuela,2,1,,,,,,True,3,False,,,14.0,,,5,1914,18704,1341,https://cdn.sportmonks.com/images/soccer/teams/16/18704.png,True,,392,2,,,43.0,,5,125081,6,,2-1,1-0,0,0,0.0,0.0,0.0,3.0,0.0,10.0,13358,,,1,,,,,90,2015-06-21 21:30:00,21:30:00,1434922200,UTC,FT,21459,275,1926,18711,1365,https://cdn.sportmonks.com/images/soccer/teams/23/18711.png,True,,5418,,False,3
93,1114,1037,1113873,18571,18573,,2016-06-17,United States,Ecuador,2,1,,,,,,False,,False,,,,,,6440,1913,18571,1331,https://cdn.sportmonks.com/images/soccer/teams/11/18571.png,True,,11566,,,,,,,,,,2-1,1-0,0,0,,,,,,,2055,,,0,,,,,90,2016-06-17 04:30:00,04:30:00,1466137800,UTC,FT,1579,459,1925,18573,1357,https://cdn.sportmonks.com/images/soccer/teams/13/18573.png,True,,1463,,False,
94,1114,1037,1113880,18775,18720,,2016-06-18,Peru,Colombia,0,0,,,,,,False,,False,,,,,,338,1922,18775,1364,https://cdn.sportmonks.com/images/soccer/teams/23/18775.png,True,,11432,,,,,,,,,0-0,0-0,0-0,2,4,,,,,,,2055,,,0,,,30,,90,2016-06-18 03:00:00,03:00:00,1466218800,UTC,FT_PEN,21826,353,1924,18720,1820,https://cdn.sportmonks.com/images/soccer/teams/0/18720.png,True,,5048,,False,
95,1114,1037,1113888,18644,18711,,2016-06-19,Argentina,Venezuela,4,1,,,,,,False,,False,,,,,,44,1893,18644,1350,https://cdn.sportmonks.com/images/soccer/teams/20/18644.png,True,,6569,,,,,,,,,,4-1,2-0,0,0,,,,,,,2055,,,0,,,,,90,2016-06-19 02:00:00,02:00:00,1466301600,UTC,FT,11557,275,1926,18711,1365,https://cdn.sportmonks.com/images/soccer/teams/23/18711.png,True,,5418,,False,
96,1114,1037,1113934,18576,18774,,2016-06-19,Mexico,Chile,0,7,,,,,,False,,False,,,,,,458,1927,18576,1356,https://cdn.sportmonks.com/images/soccer/teams/16/18576.png,True,,1599,,,,,,,,,,0-7,0-2,0,0,,,,,,,2055,,,0,,,,,90,2016-06-19 05:00:00,05:00:00,1466312400,UTC,FT,11579,80,1895,18774,1343,https://cdn.sportmonks.com/images/soccer/teams/22/18774.png,True,,14489,,False,
97,1114,1037,1114100,18571,18644,,2016-06-22,United States,Argentina,0,4,,,,,,False,,False,,,,,,6440,1913,18571,1331,https://cdn.sportmonks.com/images/soccer/teams/11/18571.png,True,,11566,,,,,,,,,,0-4,0-2,0,0,,,,,,,2056,,,0,,,,,90,2016-06-22 04:00:00,04:00:00,1466568000,UTC,FT,21827,44,1893,18644,1350,https://cdn.sportmonks.com/images/soccer/teams/20/18644.png,True,,6569,,False,
98,1114,1037,1114108,18720,18774,,2016-06-23,Colombia,Chile,0,2,,,,,,False,,False,,,,,,353,1924,18720,1820,https://cdn.sportmonks.com/images/soccer/teams/0/18720.png,True,,5048,,,,,,,,,,0-2,0-2,0,0,,,,,,,2056,,,0,,,,,90,2016-06-23 06:25:00,06:25:00,1466663100,UTC,FT,14659,80,1895,18774,1343,https://cdn.sportmonks.com/images/soccer/teams/22/18774.png,True,,14489,,False,
99,1114,1037,1114116,18571,18720,,2016-06-26,United States,Colombia,0,1,,,,,,False,,False,,,,,,6440,1913,18571,1331,https://cdn.sportmonks.com/images/soccer/teams/11/18571.png,True,,11566,,,,,,,,,,0-1,0-1,0,0,,,,,,,2057,,,0,,,,,90,2016-06-26 03:00:00,03:00:00,1466910000,UTC,FT,21828,353,1924,18720,1820,https://cdn.sportmonks.com/images/soccer/teams/0/18720.png,True,,5048,,False,
100,1114,1037,1114124,18644,18774,,2016-06-27,Argentina,Chile,0,0,,,,,,False,,False,,,,,,44,1893,18644,1350,https://cdn.sportmonks.com/images/soccer/teams/20/18644.png,True,,6569,,,,,,,,,0-0,0-0,0-0,2,4,,,,,,,2058,,,0,,,30,,90,2016-06-27 03:00:00,03:00:00,1466996400,UTC,FT_PEN,21826,80,1895,18774,1343,https://cdn.sportmonks.com/images/soccer/teams/22/18774.png,True,,14489,,False,
101,1114,1037,1114132,18571,18720,,2016-06-04,United States,Colombia,0,2,,,,,,False,,False,,,,,,6440,1913,18571,1331,https://cdn.sportmonks.com/images/soccer/teams/11/18571.png,True,,11566,,,,,,,31555,,,0-2,0-2,0,0,,,,,,,2059,,,0,,,,,90,2016-06-04 04:30:00,04:30:00,1465014600,UTC,FT,11579,353,1924,18720,1820,https://cdn.sportmonks.com/images/soccer/teams/0/18720.png,True,,5048,,False,
102,1114,1037,1114140,18598,18723,,2016-06-05,Costa Rica,Paraguay,0,0,,,,,,False,,False,,,,,,1739,1921,18598,1211,https://cdn.sportmonks.com/images/soccer/teams/6/18598.png,True,,10981,,,,,,,31555,,,0-0,0-0,0,0,,,,,,,2059,,,0,,,,,90,2016-06-05 00:00:00,00:00:00,1465084800,UTC,FT,11576,1190,1906,18723,1344,https://cdn.sportmonks.com/images/soccer/teams/3/18723.png,True,,11408,,False,
103,1114,1037,1114147,18804,18775,,2016-06-05,Haiti,Peru,0,1,,,,,,False,,False,,,,,,2177,1904,18804,2028,https://cdn.sportmonks.com/images/soccer/teams/20/18804.png,True,,12214,,,,,,,31555,,,0-1,0-0,0,0,,,,,,,2059,,,0,,,,,90,2016-06-05 02:30:00,02:30:00,1465093800,UTC,FT,1579,338,1922,18775,1364,https://cdn.sportmonks.com/images/soccer/teams/23/18775.png,True,,11432,,False,
104,1114,1037,1114155,18704,18573,,2016-06-05,Brazil,Ecuador,0,0,,,,,,False,,False,,,,,,5,1914,18704,1341,https://cdn.sportmonks.com/images/soccer/teams/16/18704.png,True,,392,,,,,,,31555,,,0-0,0-0,0,0,,,,,,,2059,,,0,,,,,90,2016-06-05 05:00:00,05:00:00,1465102800,UTC,FT,14648,459,1925,18573,1357,https://cdn.sportmonks.com/images/soccer/teams/13/18573.png,True,,1463,,False,
105,1114,1037,1114164,18771,18711,,2016-06-06,Jamaica,Venezuela,0,1,,,,,,False,,False,,,,,,1640,1910,18771,1819,https://cdn.sportmonks.com/images/soccer/teams/19/18771.png,True,,11245,,,,,,,31556,,,0-1,0-1,0,0,,,,,,,2059,,,0,,,,,90,2016-06-06 00:00:00,00:00:00,1465171200,UTC,FT,14659,275,1926,18711,1365,https://cdn.sportmonks.com/images/soccer/teams/23/18711.png,True,,5418,,False,
106,1114,1037,1114173,18576,15251,,2016-06-06,Mexico,Uruguay,3,1,,,,,,False,,False,,,,,,458,1927,18576,1356,https://cdn.sportmonks.com/images/soccer/teams/16/18576.png,True,,1599,,,,,,,31556,,,3-1,1-0,0,0,,,,,,,2059,,,0,,,,,90,2016-06-06 03:00:00,03:00:00,1465182000,UTC,FT,21828,158,1900,15251,1355,https://cdn.sportmonks.com/images/soccer/teams/19/15251.png,True,,10900,,False,
107,1114,1037,1114182,18717,18825,,2016-06-07,Panama,Bolivia,2,1,,,,,,False,,False,,,,,,65437,1937,18717,1367,https://cdn.sportmonks.com/images/soccer/teams/29/18717.png,True,,6860,,,,,,,31556,,,2-1,1-0,0,0,,,,,,,2059,,,0,,,,,90,2016-06-07 02:00:00,02:00:00,1465264800,UTC,FT,11576,7598,1925,18825,1336,https://cdn.sportmonks.com/images/soccer/teams/9/18825.png,True,,4082,,False,
108,1114,1037,1114190,18644,18774,,2016-06-07,Argentina,Chile,2,1,,,,,,False,,False,,,,,,44,1893,18644,1350,https://cdn.sportmonks.com/images/soccer/teams/20/18644.png,True,,6569,,,,,,,31556,,,2-1,0-0,0,0,,,,,,,2059,,,0,,,,,90,2016-06-07 05:00:00,05:00:00,1465275600,UTC,FT,11579,80,1895,18774,1343,https://cdn.sportmonks.com/images/soccer/teams/22/18774.png,True,,14489,,False,
109,1114,1037,1114198,18571,18598,,2016-06-08,United States,Costa Rica,4,0,,,,,,False,,False,,,,,,6440,1913,18571,1331,https://cdn.sportmonks.com/images/soccer/teams/11/18571.png,True,,11566,,,,,,,31556,,,4-0,3-0,0,0,,,,,,,2059,,,0,,,,,90,2016-06-08 03:00:00,03:00:00,1465354800,UTC,FT,14659,1739,1921,18598,1211,https://cdn.sportmonks.com/images/soccer/teams/6/18598.png,True,,10981,,False,
110,1114,1037,1114209,18720,18723,,2016-06-08,Colombia,Paraguay,2,1,,,,,,False,,False,,,,,,353,1924,18720,1820,https://cdn.sportmonks.com/images/soccer/teams/0/18720.png,True,,5048,,,,,,,31556,,,2-1,2-0,0,0,,,,,,,2059,,,0,,,,,90,2016-06-08 05:30:00,05:30:00,1465363800,UTC,FT,14648,1190,1906,18723,1344,https://cdn.sportmonks.com/images/soccer/teams/3/18723.png,True,,11408,,False,
111,1114,1037,1114219,18704,18804,,2016-06-09,Brazil,Haiti,7,1,,,,,,False,,False,,,,,,5,1914,18704,1341,https://cdn.sportmonks.com/images/soccer/teams/16/18704.png,True,,392,,,,,,,31556,,,7-1,3-0,0,0,,,,,,,2059,,,0,,,,,90,2016-06-09 02:30:00,02:30:00,1465439400,UTC,FT,11576,2177,1904,18804,2028,https://cdn.sportmonks.com/images/soccer/teams/20/18804.png,True,,12214,,False,
112,1114,1037,1114231,18573,18775,,2016-06-09,Ecuador,Peru,2,2,,,,,,False,,False,,,,,,459,1925,18573,1357,https://cdn.sportmonks.com/images/soccer/teams/13/18573.png,True,,1463,,,,,,,31556,,,2-2,1-2,0,0,,,,,,,2059,,,0,,,,,90,2016-06-09 05:00:00,05:00:00,1465448400,UTC,FT,21828,338,1922,18775,1364,https://cdn.sportmonks.com/images/soccer/teams/23/18775.png,True,,11432,,False,
113,1114,1037,1114240,15251,18711,,2016-06-10,Uruguay,Venezuela,0,1,,,,,,False,,False,,,,,,158,1900,15251,1355,https://cdn.sportmonks.com/images/soccer/teams/19/15251.png,True,,10900,,,,,,,31556,,,0-1,0-1,0,0,,,,,,,2059,,,0,,,,,90,2016-06-10 02:30:00,02:30:00,1465525800,UTC,FT,11556,275,1926,18711,1365,https://cdn.sportmonks.com/images/soccer/teams/23/18711.png,True,,5418,,False,
114,1114,1037,1114250,18576,18771,,2016-06-10,Mexico,Jamaica,2,0,,,,,,False,,False,,,,,,458,1927,18576,1356,https://cdn.sportmonks.com/images/soccer/teams/16/18576.png,True,,1599,,,,,,,31556,,,2-0,1-0,0,0,,,,,,,2059,,,0,,,,,90,2016-06-10 05:00:00,05:00:00,1465534800,UTC,FT,14648,1640,1910,18771,1819,https://cdn.sportmonks.com/images/soccer/teams/19/18771.png,True,,11245,,False,
115,1114,1037,1114259,18774,18825,,2016-06-11,Chile,Bolivia,2,1,,,,,,False,,False,,,,,,80,1895,18774,1343,https://cdn.sportmonks.com/images/soccer/teams/22/18774.png,True,,14489,,,,,,,31557,,,2-1,0-0,0,0,,,,,,,2059,,,0,,,,,90,2016-06-11 02:00:00,02:00:00,1465610400,UTC,FT,11557,7598,1925,18825,1336,https://cdn.sportmonks.com/images/soccer/teams/9/18825.png,True,,4082,,False,
116,1114,1037,1114270,18644,18717,,2016-06-11,Argentina,Panama,5,0,,,,,,False,,False,,,,,,44,1893,18644,1350,https://cdn.sportmonks.com/images/soccer/teams/20/18644.png,True,,6569,,,,,,,31557,,,5-0,1-0,0,0,,,,,,,2059,,,0,,,,,90,2016-06-11 04:30:00,04:30:00,1465619400,UTC,FT,14659,65437,1937,18717,1367,https://cdn.sportmonks.com/images/soccer/teams/29/18717.png,True,,6860,,False,
117,1114,1037,1114278,18571,18723,,2016-06-12,United States,Paraguay,1,0,,,,,,False,,False,,,,,,6440,1913,18571,1331,https://cdn.sportmonks.com/images/soccer/teams/11/18571.png,True,,11566,,,,,,,31557,,,1-0,1-0,0,0,,,,,,,2059,,,0,,,,,90,2016-06-12 02:00:00,02:00:00,1465696800,UTC,FT,11556,1190,1906,18723,1344,https://cdn.sportmonks.com/images/soccer/teams/3/18723.png,True,,11408,,False,
118,1114,1037,1114289,18720,18598,,2016-06-12,Colombia,Costa Rica,2,3,,,,,,False,,False,,,,,,353,1924,18720,1820,https://cdn.sportmonks.com/images/soccer/teams/0/18720.png,True,,5048,,,,,,,31557,,,2-3,1-2,0,0,,,,,,,2059,,,0,,,,,90,2016-06-12 04:00:00,04:00:00,1465704000,UTC,FT,21827,1739,1921,18598,1211,https://cdn.sportmonks.com/images/soccer/teams/6/18598.png,True,,10981,,False,
119,1114,1037,1114300,18573,18804,,2016-06-13,Ecuador,Haiti,4,0,,,,,,False,,False,,,,,,459,1925,18573,1357,https://cdn.sportmonks.com/images/soccer/teams/13/18573.png,True,,1463,,,,,,,31557,,,4-0,2-0,0,0,,,,,,,2059,,,0,,,,,90,2016-06-13 01:30:00,01:30:00,1465781400,UTC,FT,21826,2177,1904,18804,2028,https://cdn.sportmonks.com/images/soccer/teams/20/18804.png,True,,12214,,False,
120,1114,1037,1114311,18704,18775,,2016-06-13,Brazil,Peru,0,1,,,,,,False,,False,,,,,,5,1914,18704,1341,https://cdn.sportmonks.com/images/soccer/teams/16/18704.png,True,,392,,,,,,,31557,,,0-1,0-0,0,0,,,,,,,2059,,,0,,,,,90,2016-06-13 03:30:00,03:30:00,1465788600,UTC,FT,11557,338,1922,18775,1364,https://cdn.sportmonks.com/images/soccer/teams/23/18775.png,True,,11432,,False,
121,1114,1037,1114319,18576,18711,,2016-06-14,Mexico,Venezuela,1,1,,,,,,False,,False,,,,,,458,1927,18576,1356,https://cdn.sportmonks.com/images/soccer/teams/16/18576.png,True,,1599,,,,,,,31557,,,1-1,0-1,0,0,,,,,,,2059,,,0,,,,,90,2016-06-14 03:00:00,03:00:00,1465873200,UTC,FT,21827,275,1926,18711,1365,https://cdn.sportmonks.com/images/soccer/teams/23/18711.png,True,,5418,,False,
122,1114,1037,1114330,15251,18771,,2016-06-14,Uruguay,Jamaica,3,0,,,,,,False,,False,,,,,,158,1900,15251,1355,https://cdn.sportmonks.com/images/soccer/teams/19/15251.png,True,,10900,,,,,,,31557,,,3-0,1-0,0,0,,,,,,,2059,,,0,,,,,90,2016-06-14 05:00:00,05:00:00,1465880400,UTC,FT,11579,1640,1910,18771,1819,https://cdn.sportmonks.com/images/soccer/teams/19/18771.png,True,,11245,,False,
123,1114,1037,1114338,18774,18717,,2016-06-15,Chile,Panama,4,2,,,,,,False,,False,,,,,,80,1895,18774,1343,https://cdn.sportmonks.com/images/soccer/teams/22/18774.png,True,,14489,,,,,,,31557,,,4-2,2-1,0,0,,,,,,,2059,,,0,,,,,90,2016-06-15 03:00:00,03:00:00,1465959600,UTC,FT,11556,65437,1937,18717,1367,https://cdn.sportmonks.com/images/soccer/teams/29/18717.png,True,,6860,,False,
124,1114,1037,1114348,18644,18825,,2016-06-15,Argentina,Bolivia,3,0,,,,,,False,,False,,,,,,44,1893,18644,1350,https://cdn.sportmonks.com/images/soccer/teams/20/18644.png,True,,6569,,,,,,,31557,,,3-0,3-0,0,0,,,,,,,2059,,,0,,,,,90,2016-06-15 05:00:00,05:00:00,1465966800,UTC,FT,1579,7598,1925,18825,1336,https://cdn.sportmonks.com/images/soccer/teams/9/18825.png,True,,4082,,False,
